"/@type","/acceptedAnswer/@type","/acceptedAnswer/text","/name"
"Question","Answer","As a Swinburne Online student, you’ll have support for extended hours, seven days a week, with Student Advisors available to help with anything from tech support to research advice and dedicated online tutors in each of your units. Learn more about your support.","What support can I expect?"
"Question","Answer","Yes, Swinburne Online’s MBA is a postgraduate degree, meaning that previous tertiary study is an entry requirement for the course. If you have not studied at a tertiary level before, you may seek entry into the course via the Graduate Certificate of Business Administration. See the entry requirements for more information.","Is an MBA too advanced for someone who has never studied?"
"Question","Answer","Yes, there are no requisite live or in-person sessions, so you can elect to study anytime, anywhere. If you find the combination of full-time work and full-time study to be too much, you can choose to study part-time.","As I am studying online, can I pursue full-time opportunities throughout my studies?"
"Question","Answer","When you complete an MBA with Swinburne Online, you will be rewarded with not only a top-tier master’s qualification, but also a valuable network of like-minded business professionals. Forge connections, motivate one another and share opportunities and ideas that you can continue to draw upon long after graduation. ","Do these degrees provide any networking opportunities?"
"Question","Answer","Your Master of Business Administration will give you the decisive vision and professional agility needed to stand apart from your peers. Gain the advanced skills essential to excelling as a leader in business. Leverage your MBA to grow your business as an entrepreneur, or step up into a senior management position.","How will Swinburne prepare me for future job opportunities?"
"Question","Answer","Different universities structure their MBAs in different ways. Swinburne Online’s MBA is highly flexible, meaning that you can tailor the course content to suit your specific interests and career goals. Additionally, Swinburne University’s MBA has a Tier-1 rating and is in the top Online MBAs in CEO Magazine's 2022 Global Rankings, and is accredited by the Association to Advance Collegiate Schools of Business (AACSB), a globally recognised business school standard achieved by less than 5 per cent of business schools worldwide. When you complete your MBA with Swinburne Online, you will receive the same globally recognised MBA as on-campus students, without having to attend any in-person or live teaching sessions.","With an MBA, does the institution matter?"
"Question","Answer","An MBA will enhance your professional skillset and give you the tools to grow your customer base, output and profit margin. With new insights into contemporary business practice, you will be ready to strategically upscale your processes and take your business to the next level.","As a business leader/owner what value can an MBA add that I do not gain in my current vocation?"
"Question","Answer","An MBA signals to employers your readiness for a senior management position. An MBA is an advantage or requirement for employment in the following roles: Senior Associate Strategic Manager Executive General Manager Managing Director Chief Operating Officer Chief Executive Officer (CEO). ","What job opportunities require an MBA?"
"Question","Answer","An MBA will equip you with the skills needed to thrive in business: strategy, innovation, marketing and management. Additionally, it signals to employers your readiness for a senior management position. The 2021 GMAC Corporate Recruiters Survey revealed that worldwide, 91 per cent of recruiters planned to hire MBAs that year, and that demand for graduate management talent has now returned to pre-pandemic levels. Additionally, an MBA from Swinburne Online is globally recognised, meaning that your qualification could create opportunities worldwide.","Is an MBA still necessary in 2022?"
"Question","Answer","A survey of recent Swinburne Online graduates revealed that 90 per cent of Business alumni were employed full-time. This comes as no surprise as the 2021 GMAC Corporate Recruiters Survey revealed that worldwide, 91 per cent of recruiters planned to hire MBAs that year, and that demand for graduate management talent has now returned to pre-pandemic levels.","What is the likelihood of employment with an MBA?"
"Question","Answer","In 2020, the Australian Government Department of Education, Skills and Employment Graduate Outcomes Survey found that working professionals without a postgraduate degree received a median salary of $64,000 per year, while those with a postgraduate degree in addition to their undergrad degree earned on average $98,000 per year. The Australian Financial Review reported in its 2019 MBA Rankings that Australian MBA graduates see an average salary increase of 28 per cent to reach $157,000 within three years of completing their course. ","Is there a pay increase between undergraduate and MBA students?"
"Question","Answer","Swinburne University’s MBA has a Tier-1 rating and is in the top Online MBAs in CEO Magazine's 2022 Global Rankings. It is also accredited by the Association to Advance Collegiate Schools of Business (AACSB), a globally recognised business school standard achieved by less than 5 per cent of business schools worldwide. When you complete your MBA with Swinburne Online, you will receive the same globally recognised MBA as on-campus students, without having to attend any in-person or live teaching sessions. Swinburne Online’s MBA is highly flexible, meaning that you can tailor the course content to suit your specific interests and career goals.","Why should I choose Swinburne over different providers? "
"Question","Answer","A survey of recent Swinburne Online graduates revealed that 90 per cent of Business alumni were employed full-time. This comes as no surprise as the 2021 GMAC Corporate Recruiters Survey revealed that worldwide, 91 per cent of recruiters planned to hire MBAs that year, and that demand for graduate management talent has now returned to pre-pandemic levels. With a new job title, you can expect an increased salary. Australian Financial Review reported in its 2019 MBA Rankings that Australian MBA graduates see an average salary increase of 28 per cent to reach $157,000 within three years of completing their course. ","What quantitative value can I hope for in taking on an MBA? "
"Question","Answer","All students enrolled into the STARS program will receive a $900 Stipend to assist with the cost of their study or professional placement.","Is STARS paid?"
"Question","Answer","The STARS professional placements are part of the required professional placements in your course. They are not extra placements.","Are STARS placements extra placements or part of my course?"
"Question","Answer","You will be able to complete your final two placements through the STARS program at your school. You will also be able to continue with PTT across the year. For example, it may be that you have a split, perhaps three days in STARS and two days in PTT. The STARS part would need to be supervised and would also allow you to do the GTPA (final placement assessment). After you have submitted your application for the STARS program, please reach out to Jade on this email address: edpartnerships@swinburneonline.com and she will be able to assist you in negotiating this with your school.","Can I complete my two STARS placements in the school that I am doing Permission To Teach (PTT) work? The school fits the low-socioeconomic criteria and have said they would be happy for me do my STARS placements there. "
"Question","Answer","Swinburne will try to match you to a school as close as possible to your usual place of residence. The maximum travel time from your home to the school will be 90 minutes however, every endeavour will be made to try to ensure it is less than this.","When Swinburne matches the student to the placement school, what is the criteria for travel expectations, will Swinburne match me to somewhere within a reasonable distance from my home or could it be anywhere in regional/rural Victoria?"
"Question","Answer","The STARS modules remain open all the time, so you will be able to complete the module work at a time that suits you. There are five modules, each with approximately 1.5–2 hours of reading and activities. Allow 7.5–10 hours in total to complete the STARS modules.","When do the STARS Canvas modules open? Would I be able to have access to them at the start of the teaching period as I'd like to work on the STARS module before placement?"
"Question","Answer","You will receive a certificate of completion outlining your completion of the program. This certificate will be a valuable addition to your resume when applying for graduate teaching positions.","What will I receive at completion of this program?"
"Question","Answer","No, all costs associated with travel or accommodation will be incurred by the pre-service teacher. We hope to match pre-service teachers with a school in their area. If you are a successful applicant, and there may be travel involved for you to get to the school. We will discuss with you the situation before matching you to the school.","Will there be any financial support for travel or accommodation to undertake a placement in regional or remote Victoria? "
"Question","Answer","We will be open to discuss this with you further.","I have secured a placement in a school setting that is not a regional, remote or low socioeconomic school. If I am successful in my application will you help me change to a STARS-approved school setting? "
"Question","Answer","No, we will work with the schools upon a successful application.","I am a Master of Teaching (Secondary) student applying for the STARS program. Does it matter the year level of placement or my Specialist Teaching Area? "
"Question","Answer","Provided your secured placement is in regional, rural or low socioeconomic Victorian school and you have been successful in your STARS application, Swinburne can support negotiations with your placement setting to ascertain if they wish to be part of the program.","What if I have already organised my placement/s? Can I still participate in the program?"
"Question","Answer","Victorian Department of Education and Training (DET) will be supporting Swinburne to access and source the placement schools on your behalf.","How do I organise a placement in a STARS-approved school setting? "
"Question","Answer","The STARS program placement schools can be in regional and rural or low socioeconomic schools in Victoria that will be selected by Swinburne, with pre-service teachers matched to schools.","What schools can I do my placement in as part of the STARS program?"
"Question","Answer","During the year the program runs (mid-year 2022 to mid-year 2023), you must undertake both remaining placements (or the one remaining), in your course during this time.","How many practicums will I need to complete during the STARS program? "
"Question","Answer","This program will run alongside your current units of study. You will be enrolled into a STARS program unit. The unit is at no cost to you. Introductions to the STARS program are planned to commence in late May/early June. The STARS unit will commence from June. There are five modules of additional study and activities supported by academic teacher mentors Engagement with the modules will be periodic, and is planned to occur between June to October 2022. The workload per module is anticipated to be approximately 10 hours over two to three weeks for each module.  More specific details will be provided to successful applicants.","How will the STARS program fit in with my current units of study?"
"Question","Answer","This opportunity is only open to 75 students and therefore a rigorous selection process will take place."," How many pre-service teachers can partake in the STARS program for 2022–2023 year?"
"Question","Answer","The STARS program commences mid-year 2022 (TP2, Q3).","When does the STARS program commence? "
"Question","Answer","You can.  If you wish to continue studying the course after 1 December 2020, you will be eligible for a Commonwealth Supported Place for the rest of your studies.","What if I want to continue studying after 1 December 2020?"
"Question","Answer","Not exactly. The federal government is providing discounts for students who are enrolled in qualifications recognised by the Australian Qualification Framework. This means, to ensure you receive the discounted course fee, you need to enrol in at least a graduate certificate level qualification. If you only complete the first two units, Swinburne is ensuring that you still receive a qualification by awarding you a professional certificate.","Can I enrol in a Professional Certificate?"
"Question","Answer","Professional Certificates are generally the first two units of a Graduate or Undergraduate Certificate and provide you with solid introductory knowledge, as well as contributing to the higher degree should you wish to continue studying later. Professional Certificates are a good way of upskilling quickly and providing you with an opportunity to start your education journey at a discounted fee.","What is a Professional Certificate?"
"Question","Answer","If you enrol in the Graduate Certificate, you can choose to complete your studies after the first two units and exit with a University-accredited Professional Certificate.","What if I only want to complete two units?"
"Question","Answer","Yes, students can defer their payment though a HECS-HELP loan.","Can I obtain help to defer payment?"
"Question","Answer","Your discounted fee will be applied at the time of enrolment.","How do I ensure I’m enrolled with a discounted fee?"
"Question","Answer","Swinburne University has worked with the Federal Government to provide short, focused online courses to workers displaced by the COVID-19 crisis. These courses have been significantly discounted to allow you to complete study during the next 6 months and support your future employment opportunities.","Why are these courses discounted?"
"Question","Answer","Undergraduate Certificate of Information and Communication Technology Teaching Period 2 July – November COS10005 Web Development ICT10001 Problem Solving with ICT Teaching Period 3 November – February INF10002 Database Analysis and Design INF10003 Introduction to Business Information Systems Graduate Certificate of Management (Workplace Transformation) Teaching Period 2 July – November HRM60016 Behaviour in Organisations INF80042 Technology Essentials for Managers Teaching Period 3 November – February FST80008 Designing for Change MGT60044 Leading Innovation in the Workforce","What is the entry criteria?"
"Question","Answer","Undergraduate Certificate of Information and Communication Technology Teaching Period 2 July – November COS10005 Web Development ICT10001 Problem Solving with ICT Teaching Period 3 November – February INF10002 Database Analysis and Design INF10003 Introduction to Business Information Systems Graduate Certificate of Management (Workplace Transformation) Teaching Period 2 July – November HRM60016 Behaviour in Organisations INF80042 Technology Essentials for Managers Teaching Period 3 November – February FST80008 Designing for Change MGT60044 Leading Innovation in the Workforce","What units will I study?"
"Question","Answer","Units you complete prior to 1 December are discounted, so this includes the two units available in Teaching Period 2, 2020. If you continue studying following Teaching Period 2, you can do so with a Commonwealth Supported Place, rather than the standard full fee unit fee.","Is the whole course discounted?"
"Question","Answer","Yes, we will be offering a range of courses as part of this initiative. Read more about our priority course program.","Will you be offering courses as part of the government’s higher education relief package?"
"Question","Answer","When students graduate from our courses, they will receive the same accredited qualification as a Swinburne University of Technology on-campus student. The graduation certificate awarded will also be the same. Our courses and learning outcomes are the same as Swinburne University of Technology’s, but we adapt the material and its delivery to enable students to enjoy the most engaging online environment.","Will I receive the same qualification as an on-campus student?"
"Question","Answer","We can potentially offer students unit exemptions for our undergraduate courses, based on diploma and higher education qualifications undertaken within the last 10 years. Previous studies don’t necessarily need to be related to the field you’re looking to pursue with us to make you eligible for exemptions. We can also award unit exemptions towards our postgraduate courses, where previously completed studies are considered academically equivalent (i.e. postgraduate level) and have been completed within the last 10 years. TAFE students may be eligible to receive credit for previous study and work experience. If you’ve completed units or certificates at another recognised institute or training organisation, you may be able to apply for a credit transfer. Alternatively, if you have significant work experience related to your studies, you can apply to have this recognised through recognition of prior learning.","Will I receive credit for my previous studies?"
"Question","Answer","Anyone who works with children in Australia must have a valid Child Safety Screening Check. To ensure your placements run smoothly and there are no delays in your course progression make sure you complete the Child Safety Screening Check requirements for your state as soon as you enrol. You will have access to instructions for your state once you’re enrolled in your course.","Will I need to be screened to work with children?"
"Question","Answer","The majority of your learning will be completed online, however you will also have the opportunity to attend Simulation Labs and Clinical Placements during your course. These aspects incorporate essential practical and experiential learning elements to your learning and better prepare you for working as a nurse. Students are required to achieve a minimum of 400 hours of Clinical Placement throughout the course’s two-year duration.","Will I need to attend placements to complete the Diploma of Nursing?"
"Question","Answer","Yes, some of your units in the Diploma of Nursing course require you to sit exams. More information about exams and your study support options will be discussed on orientation day.","Will I have to sit exams in the Diploma of Nursing?"
"Question","Answer","We provide you with everything you need to complete your studies online, however, you have access to all the facilities the campus has to offer.","Will I ever need to go to a campus?"
"Question","Answer","We know how important it is to have a supportive and collaborative network around you when you’re studying. When you choose your units, we’ll enrol you into an online class of 20-25 students. Small class sizes ensure that you receive quick and effective feedback from tutors. You will also be encouraged to collaborate on discussion boards with other students.","Will I be studying alone?"
"Question","Answer","There is no interest charged on a HECS‑HELP loans, but your debt will be indexed each year. The indexation adjustment is made by the Australian Taxation Office on 1 June each year and applies to the portion of your debt that has been unpaid for 11 months or more. For more information see Interest and indexation.","Will I be charged interest on my HECS-HELP loan?"
"Question","Answer","In late 2020, the federal Government announced changes to the current national health training package. As a result, Vocational Education and Training (VET) providers across Australia are now required to update their courses to implement these changes, including Swinburne Online. This is in effort to enhance VET qualifications and ensure students are developing the skills that employers require in the future.","Why is the Diploma of Nursing changing?"
"Question","Answer","The courses we offer have been designed specifically for online consumption. You’ll study in a purpose-built virtual classroom with extended hours of support, allowing you to study whenever you like. With over 10,000 students currently studying with us, you can rest assured that our online study has been tried, tested and approved by many. All you need is an internet connection.","Why is Swinburne Online a good study option during isolation?"
"Question","Answer","Your academic and student support teams are here to assist you with different aspects of your studies. Your Vocation Learning Advisor (VLA) is your go-to person to help you through your learning journey. Your VLA is extremely experienced, is a Registered Nurse and a qualified Training and Assessor. You will also have Student Advisors available seven days a week to assist with any general queries you may have, including those about your enrolment details, placements, exams and academic performance.","Who can I contact for support during my studies?"
"Question","Answer","Our Course Consultants are always happy to recommend a study load and specific units for you to start off with based on your needs before you begin your degree with us. Once you are enrolled, you can contact one of our Student Advisors at any time and they can help you set yourself up with a study plan designed to maximise your success.","Who can help me put together a study plan for my course?"
"Question","Answer","When completing your degree, there is a vast amount of technical support at your disposal, both on our website and through our support team. If you can’t find what you need on our Student Portal Technical Support section then get in touch with one of our Student Advisors on 1300 937 765 from Australia, +61 3 9956 0777 for Australian citizens living overseas and 800 8001 1222 for international students, anytime between 9am–9pm (AEST) Monday to Friday and 10am–6pm (AEST) on weekends and public holidays.","Who can help me if I am having technological difficulties?"
"Question","Answer","When you enrol to study a degree with us, you will nominate how many units you would like to select per teaching period, based on a recommendation from one of our Course Consultants. From here, our enrolments team will allocate you automatically to the units they feel will be best suited to your needs, so you don’t need to worry about choosing units. If you want to choose something different than what you are allocated to, that is no problem, just get in touch with our Student Advisors and they will take care of it for you.","Which units should I start with?"
"Question","Answer","Students are free to choose their elective units from any degree, as long as the unit doesn’t have a pre-requisite requirement that the student hasn’t met.","Which units can I take as electives?"
"Question","Answer","Swinburne Online takes domestic students for both degrees and TAFE diplomas from anywhere in Australia. International students are also accepted for our degrees, although some differences to their payment processes will apply.","Where can I study online from?"
"Question","Answer","Our Centre for Career Development is a one-stop shop for students looking for career advice and guidance. You'll not only get assistance with career planning, you’ll also receive advice and discover avenues to develop experience and skills outside university – all giving you the advantage in the job application process. And once you've entered the job market, you will still be able to get in touch with the Centre for advice on how to further develop your career into the future. For more information visit our Centre for Career Development page.","Where can I go for career advice?"
"Question","Answer","You must read the VET Student Loans Information Booklet before applying for a loan. A VET student loan results in a HELP debt that continues to be a debt due to the government until it is repaid. You will start repaying the loan when you reach the minimum repayment threshold. The rate at which you repay the loan is based on your income, as you earn more you will repay a higher percentage of your taxable income towards your loan. Check the Study Assist website to find out more. We encourage you to seek independent financial advice to be sure a VET Student Loan is right for you.","Where can I get important information about the VET Student Loan Program?"
"Question","Answer","As a Swinburne student studying online you have access to Studiosity, an independent tutoring service that offers constructive essay feedback in less than 24 hours. Submit your draft essay or report to get expert feedback on academic writing, structure, flow and use of research to help develop your English language skills.","Where can I get English language support?"
"Question","Answer","Aside from the Student Advisors, we offer independent assessment feedback via Studiosity. Studiosity is an online tutoring service that offers constructive essay feedback in less than 24 hours. Submit your draft essay or report to get expert feedback on academic writing, structure, flow and use of research. If you’re enrolled in a VET course you will access assessment support in Canvas – your online learning environment. A dynamic live chat means you can find out who else is online at the same time as you and ask other students questions. There is also a discussion board where you can post questions that will be answered by a pool of industry trained teachers, waiting to help you.","Where can I get assessment support?"
"Question","Answer","More information is available at VET Student Loans.","Where can I find out more about VET Student Loans?"
"Question","Answer","Exams are held in Australian capital cities or regional centres based on the number of candidates in that location. Venues within these cities will be selected based on their central location and proximity to public transport. Some capital cities may not be established as examination centres due to low candidate numbers. For more information, view our website.","Where are Swinburne Online’s exam centres located?"
"Question","Answer","ANMAC (Australian Nursing and Midwifery Accreditation Council) are reviewing submissions to teach the new course packaging. This is likely to be in place in early 2022.","When will Swinburne Online be releasing the new Diploma of Nursing?"
"Question","Answer","If you are applying to study a degree at Swinburne Online, enrolments close approximately 10 days before the start of each teaching period. Our teaching periods run three times a year, from March to June, July to October and November to February. For TAFE students, you can enrol at any time and begin your self-paced studies at a variety of start dates that suit you. For full details about start dates, visit our key dates page.","When is the cut-off date for enrolment?"
"Question","Answer","The learning outcomes will remain the same, with students gaining a nationally recognised qualification. The changes follow industry review and aim to better align student outcomes: To current and evolving best-practice To support learners in an increasingly digital environment. The regulatory bodies review and update these courses every five years to ensure students can: Keep pace with rapidly changing industry needs Respond to future skills Reflect industry practice.","What’s changing in the Diploma of Nursing?"
"Question","Answer","As a graduate of Swinburne Online, you receive the same accredited qualification as an on-campus student, meaning you have the same skills and knowledge as them. This means with an online degree you have the same career prospects as an on-campus graduate of Swinburne University of Technology, which is in the top 3% of universities worldwide. TAFE study is designed to give you the skills you need to help take your career to the next level. A Swinburne Online TAFE qualification builds upon your industry experience, and gives you the formal skills and knowledge needed to take on a more senior role or change careers. For more information read how you can Advance your Career.","What sort of career prospects do I have with an online qualification?"
"Question","Answer","Swinburne University of Technology provides its alumni the following benefits and services: networking events with alumni both in Australia and around the world, continued access to career support, discounted professional development programs, notifications of new courses, qualifications and scholarships and access to commercial discounts and special offers. To find out more ways that you can stay connected with Swinburne alumni and their networking programs, visit our Alumni Resources page.","What resources are available to alumni once they have graduated?"
"Question","Answer","It is expected that applicants have proficient English skills. We recommend the below levels in an English language test such as IELTS or TOEFL to ensure you are successful at university study: For paper based TOEFL tests a score of 550 with a written English score of 5 For Internet based TOEFL tests a score of 79 with no band below 18. International English Language Test System (IELTS) course specifications: Undergraduate Business courses require an IELTS score of 6 with no band below 6 Undergraduate Media and Communication courses require an IELTS score of 6 with no band below 6 Undergraduate Social Science requires an IELTS score of 6 with no band below 6 Undergraduate Psychological Sciences requires an IELTS score of 6.5 with no band below 6 Undergraduate Education requires an IELTS score of 6.5 with no band below 6 Further information on English requirements","What level of English language proficiency do I need to study an undergraduate degree at Swinburne Online?"
"Question","Answer","It is expected that applicants have proficient English skills. You should have a bachelor degree or equivalent (at least three years) studied in English, or have completed year 12 English in Australia. You must meet the below levels in an English language test such as IELTS, ISLPR or PEAT to ensure you are successful: Achievement in the International Second Language Proficiency Rating (ISLPR) of Level 4 in all four areas of speaking, listening, reading, writing from an approved testing site. Achievement of a score A in all four areas of speaking, listening, reading, and writing in the Professional English Assessment for Teachers (PEAT) test. International English Language Test System (IELTS) course specifications: Master of Professional Accounting requires IELTS 6.5 no band below 6 Master of Business Administration (MBA) requires IELTS 6.5 no band below 6 Masters of Teaching requires IELTS of 7.5 and the following scores for each component Speaking 8.0, Listening 8.0, Reading 7.0, Writing 7.0","What level of English language proficiency do I need to study a Masters at Swinburne Online?"
"Question","Answer","We have a whole variety of support options available to students seven days a week, so no one is ever left feeling alone. For students studying a degree with us, your small online class of 20–24 students is run by a dedicated online tutor (eLearning Advisor), who will always be happy to respond to your questions. Our Student Advisors (SAs) are a team of academic/technical and administrative specialists who can be contacted seven days a week. They can help with issues from advice on assignments to problems with logging in to the Student Hub. We also have online assessment support options that will cater to a range of academic needs. To find out more about our university support options, visit the student support page on our website.","What kind of support do you offer to your online students?"
"Question","Answer","Vocational Education and Training (VET) is focused on providing students with specific job related and technical skills. Qualifications include certificates, diplomas and advanced diplomas and take less time to complete than a university degree. Nationally recognised VET qualifications cover a wide range of industries, from business and management to trades, retail and hospitality.","What is VET?"
"Question","Answer","Undergraduate study is a term used to describe formal, accredited tertiary education achievements. Studied at a university, higher education institution or college, an undergraduate degree will usually be your first university degree, such as a bachelor degree and will take between three and four years of full-time study (or part-time equivalent) to complete.","What is Undergraduate Study?"
"Question","Answer","The Tableau Desktop Certified Specialist certification is an industry-recognised qualification that demonstrates your comprehensive knowledge and abilities in Tableau application. This certification does not expire and does not need to be renewed. For more information, please visit the Tableau Desktop Certified Specialist Certification page.","What is the Tableau Desktop Certified Specialist certification?"
"Question","Answer","Our students do have access to Swinburne’s campus facilities, including our libraries and this means they are required to pay a Student Amenities fee like all university students in Australia. For students who aren’t based in Victoria, we have an agreement with 34 institutions that our online students have access to. The program is called ULANZ and more information is available here: ULANZ website","What is the Student Amenities Help fee for and why do I have to pay it?"
"Question","Answer","Swinburne Online was born out of a joint venture between SEEK.com.au and Swinburne University of Technology. We focus on providing you with industry-ready qualifications, from a university with over 100 years of history. Swinburne Online students receive the same qualification as students at Swinburne University of Technology, an internationally ranked university with 30,000 students across its Melbourne and overseas campuses.","What is the relationship between Swinburne University of Technology and Swinburne Online?"
"Question","Answer","Offered by universities, TAFEs, Registered Training Organisations and Community Education Centres, a diploma is a practical qualification, while a degree is typically offered by universities and encompasses more academic courses. For more information about the different qualifications, visit our Online Courses page.","What is the difference between a degree and a diploma?"
"Question","Answer","Technical and Further Education (TAFE) is the term used to describe certain state-administered education institutions. Such institutions provide Vocational Education and Training (VET) and qualifying courses under the National Training System, Australian Qualifications Framework and Australian Quality Training Network. A Registered Training Organisation (RTO) is an organisation accredited by the Australian Skills Quality Authority (ASQA) which is the national regulator for Australia’s vocational education and training sector. ASQA regulates courses and training providers to ensure nationally approved quality standards are met.","What is TAFE?"
"Question","Answer","Postgraduate study is a term generally used to describe tertiary education courses available to students who have already completed a bachelor degree or have significant relevant work experience. Postgraduate study takes the form of either coursework or research. Coursework consists of a program of academic study to achieve one or more of the following: Graduate Certificate Graduate Diploma Postgraduate Diploma Master by Coursework Professional Master Professional Doctorate Taking a research approach to postgraduate study entails conducting research and providing a thesis to earn a: Master by Research or Doctor of Philosophy (PhD).","What is Postgraduate Study?"
"Question","Answer","Online education utilises breakthrough web technologies to deliver academic courses. When undertaking online study, students may use a range of tools such as webinars, videos, chat sessions and e-texts to deliver content. Assessments can be undertaken synchronously or asynchronously. Synchronous learning refers to situations where online participation from a student is required at a certain time. This may involve a live discussion session with an online tutor, or a presentation which is only available to be viewed at that time. Asynchronous learning involves study where the event is not in a live format, but it may still have a loose timeframe, for example: an assessment that will be accessible at any time over a week long period. Both of these learning styles are utilised to their optimum when studying with Swinburne Online.","What is online education?"
"Question","Answer","Higher education encompasses Bachelor level degrees and above and is offered by universities. Whether you're entering or re-entering the workforce, changing career paths or simply want to broaden your expertise, higher education will help you achieve your career goals with courses ranging from bachelor degrees, masters degrees, doctorates and more. Each course requires different commitments in terms of time, cost and pre-requisite or foundation study or experience.","What is Higher Education?"
"Question","Answer","The HECS‑HELP scheme can benefit an undergraduate domestic student (for example an Australian citizen studying a Bachelor degree at Swinburne Online) as a student loan. Instead of paying upfront, HECS-HELP is how eligible students can pay their student contribution amount.","What is HECS-HELP?"
"Question","Answer","Distance education (sometimes known as learning by correspondence) is a broad term that describes education delivered to a student who is in a separate location to the source of the academic content. This method of education has been around since the 1800s and in comparison with online education, which is offered by Swinburne Online, it is often viewed by professionals as outdated. The mode of delivery traditionally involves sending the course materials and assessments back and forth between the student and learning institution in hard copy. Many distance education programs require the student to attend classes or workshops on campus at some stage during the semester.","What is Distance Education?"
"Question","Answer","You can graduate with honours from a Bachelor Degree by undertaking an additional year of study, generally requiring you to complete a research project and submit a thesis, thereby positioning you for further research studies.","What is an Honours Degree?"
"Question","Answer","At Swinburne Online, each unit you study will be run by an online tutor with years of industry experience. The tutors are called e-Learning Advisors and they have been trained to teach specifically in an online environment. You can contact your e-Learning Advisor via the discussion boards in the student portal, or via email for a timely response.","What is an e-Learning Advisor and how can I contact them?"
"Question","Answer","For students studying a degree, a virtual classroom is the online space where your learning will take place. You'll participate in interactive learning activities, access online reading, watch instructional videos and interact with your fellow students. Plus, class sizes are kept small so you get the personalised support you need.","What is a virtual classroom?"
"Question","Answer","At Swinburne Online, each unit you study will be run by an online tutor with years of industry experience. The tutors are called e-Learning Advisors and they have been trained to teach specifically in an online environment. You can contact your e-Learning Advisor via the discussion boards in the student portal, or via email for a timely response.","What is an e-Learning Advisor and how can I contact them?"
"Question","Answer","A specialisation is a prescribed set of units within an area. Specialising in a second discipline, particularly one that complements your major, can complement your qualiﬁcation and employment prospects. However, a specialisation is an area of interest not an accredited major.","What is a specialisation?"
"Question","Answer","A pre-requisite subject is a subject or sequence of subjects which must be completed before choosing a subsequent unit or course. For example, an undergraduate student cannot choose postgraduate units at Swinburne Online.","What is a pre-requisite?"
"Question","Answer","A Doctor of Philosophy, or PhD, is a globally recognised qualification that’s considered the highest postgraduate achievement an individual can earn. To be awarded with a PhD, you must select a specific subject within your chosen field, carry out extensive and original research and submit a substantial thesis on your findings. Your thesis will be assessed by external examiners and will be judged on the quality of original research and contribution to the knowledge of the subject. You'll be required to commit to three or four years of full-time study (or part-time equivalent) and will be supervised by academic staff members. Once you graduate, you'll be eligible to teach in your chosen field at a university level or work in a specialised position.","What is a PhD?"
"Question","Answer","A Masters Degree allows you to become a specialist in your chosen field. Typically students are required you to demonstrate a high-order overview of a specific field of study or area of professional practice. When you graduate, you'll possess advanced knowledge of a specialised body of theoretical and applied topics, high order skills in analysis, critical evaluation, or professional application; and the ability to solve complex problems and think rigorously and independently. You will generally be required to undertake academic coursework and in some cases, preparation for professional practice.","What is a Masters Degree?"
"Question","Answer","A major unit refers to what ‘specialisation’ you would like to focus on within your degree. For example, as a Bachelor of Business Administration student, you may wish to major in a specialisation area such as marketing. For current students, more information can be found in the Study Resources section of our Student Portal.","What is a major unit?"
"Question","Answer","A Graduate Diploma will allow you to complete specialisation studies in a smaller amount of time and at a reduced cost of a Masters degree. Most of the time you will also have the option of transferring to a masters degree in the same topic. Once you complete your graduate diploma, you'll have advanced knowledge and skills for professional, highly skilled work or further learning.","What is a Graduate Diploma?"
"Question","Answer","Completing a Graduate Certificate will help you upgrade your qualifications or give you advanced practical skills required in specialist industries. If you haven't earned a bachelor degree, many programs may allow you entry provided you have sufficient relevant work experience in your chosen field. Graduate Certificates generally require a commitment of six months full-time study, or an equivalent part-time commitment.","What is a Graduate Certificate?"
"Question","Answer","A GPA is a calculation for higher education results. There are two GPA scales commonly used in Australia and overseas, the four-point and the seven-point scale. These scales differ in the grade points that they allocate to each grade but the method of calculation is the same. Swinburne uses a four-point method. To find out how to calculate a GPA visit our Grade Point Average page.","What is a Grade Point Average (GPA)?"
"Question","Answer","The best study option for you will depend on your current level of education, as well as the amount of available time you have to commit. For those looking to step up and earn a promotion or just upskill in general, a short course might be the best choice. A Graduate Certificate is also a good option for anyone looking to be educated over a short period of time. If you are unsure about what level of study or time commitment is best for you, utilise our Study Time Calculator or view our range of courses today.","What is a good option for upskilling during this time?"
"Question","Answer","A double degree is a university degree where you study two single degrees at the same time, giving you the option of specialising in two different fields. To be eligible to enrol in a double degree, you must meet all the entry requirements of both degree programs. Even though you’ll be doubling your opportunities and giving yourself more career flexibility once you graduate, a double degree generally doesn't take double the time to complete. In most instances, you'll benefit from cross-crediting elective units, which will reduce your study costs and time compared to if you were studying separate bachelor degrees at different times. Usually a double degree will take four years full time study or part-time equivalent.","What is a Double Degree?"
"Question","Answer","Completing a Diploma or Advanced Diploma certificate will give you practical skills for work as well as the opportunity to progress to another qualification. At Swinburne, you’ll be taught by experienced teachers and have access to equipment used in industry to help prepare you for your future.","What is a Diploma?"
"Question","Answer","The Australian Government subsidises an Australian citizen student’s education by giving them a Commonwealth supported place. By doing this they are paying part of the course fees directly to the university and the student pays the remainder. If you are a domestic undergraduate student, you are eligible for a Commonwealth supported place.","What is a Commonwealth Supported Place?"
"Question","Answer","Certificates are the most basic qualification available to secondary school students and beyond. Offered by TAFEs, Community Education Centres and Registered Training Providers, Certificates I, II, III and IV will prepare you for employment or further education and training. Certificate I: Will give you skills when beginning a profession or help you gain community involvement. Certificate II: You'll build on knowledge and skills to work in a defined context and undertake further learning. Certificate III: You'll learn more in-depth theoretical and practical skills for work or further learning. Certificate IV: You'll learn theoretical and practical skills for specialised work or further learning.","What is a Certificate?"
"Question","Answer","Bachelor degrees are offered by universities and are presented to you when you complete an undergraduate course of study. Depending on the field of study, the duration of the degree can range from three to five years of full-time study (or part-time equivalent). Most bachelor degrees are recognised worldwide. A Bachelor degree teaches you skills such as research and analytical thinking and is recognised as a higher qualification to diplomas or certificates. Where a Diploma will give you the skills you need for your job, a Bachelor will set you up for your career.","What is a Bachelor Degree?"
"Question","Answer","It is your responsibility to ensure that your enrolment is correct prior to the due date. If you do not pay your fees by the due date you may be cancelled from your degree. If you withdraw from a unit after the due date you will receive a fail result on your student record. For TAFE students, your course won’t begin until you’ve paid your fees, or submitted your VET FEE HELP form.","What happens if I don’t pay my fees on time?"
"Question","Answer","These are the minimum technical requirements to study with Swinburne Online: Laptop or desktop computer Speakers or headphones Web camera Microphone For Mac: OSX version 10.7 For PC: Windows 7 Broadband internet connection with at least 30 GB data allowance per month (mobile dongles are not recommended).","What devices will I need to complete my qualification?"
"Question","Answer","At Swinburne Online, our online education method just requires students to have access to a broadband connection! Students can log in to their online environment to access their course, whenever and wherever it is convenient for them. Traditional on-campus education requires students to attend lectures and tutorials at a venue at a given time. Distance education often requires a number of different communication modes and can sometimes involve the sending of printed material to a student’s residence.","What are the main differences between online, on-campus and distance education?"
"Question","Answer","To study a diploma with Swinburne Online, you need to meet the specific entry criteria for your course. Please ensure you meet the entry criteria for the Diploma of Nursing before you apply.","What are the entry requirements for the Diploma of Nursing?"
"Question","Answer","To study a diploma with Swinburne Online, you need to meet the specific entry criteria for your course. For our Business diplomas you must either hold a relevant Certificate IV, Year 12, or higher level qualification, or have at least two years of relevant work experience and have completed Year 10 Maths and English. If you haven’t completed Year 10 Maths and English complete an online application and our Course Consultants will be in touch to talk to you about your situation.","What are the entry requirements for TAFE Business courses?"
"Question","Answer","Earning an industry certification is a powerful way to demonstrate and validate your competency to the market. Tableau certified professionals enjoy advanced career prospects, higher salaries, improved job security, greater confidence and proficiency in the workplace, and skill validation. Tableau certified professionals are also invited to enter the Tableau directory – a platform used by companies and prospective employers to find Tableau-accredited talent.","What are the benefits of acquiring a Tableau certification?"
"Question","Answer","When you study an education degree you complete practicum units that include theory and professional experience, also called a placement. Your placement will provide you with a real-life teaching experience at an early learning centre or primary school. This will give you the chance to apply the skills you’ve learnt online, build your confidence in the classroom, and gain invaluable industry experience.","What are placements?"
"Question","Answer","An exemption is a credit you are given by Swinburne Online for previous study or prior learning at another institute. If you are eligible for exemptions, it can mean that you can fast-track your degree or diploma and graduate sooner. To find out if you are eligible for any exemptions, speak to one of our Course Consultants.","What are exemptions?"
"Question","Answer","Electives are free choice units that must be completed to meet the requirements for most of our degrees. They are included in many of our courses to give students flexibility, in terms of how they complete their degree. Their inclusion in our courses allows students to explore other subjects of interest that may not be included in the core structure of their chosen degree.","What are electives and why do I need to study them?"
"Question","Answer","A core unit is a unit common to most degrees within a discipline. For example, all social science degrees at Swinburne Online share the same core units, regardless of which degree you are studying. Generally, core units are taken towards the start of your degree. For current students, more information can be found in the Study Resources section of our Student Portal.","What are core units?"
"Question","Answer","Depending on your current situation, now might be the perfect time for you to start studying. If you are finding yourself with extra time that you would usually spend on commuting or weekly commitments and would like to use it constructively, view our range of courses today.","Should I start studying now?"
"Question","Answer","According to studyassist.gov.au, Australian citizens or permanent residents (humanitarian visa) are eligible for FEE-HELP, providing they have not exceeded their FEE-HELP limit. To check your eligibility, visit the Australian Government Study Assist website.","Is there fee or financial assistance for Postgraduate Degrees?"
"Question","Answer","International students are not eligible for any financial assistance from the Australian government.","Is there fee or financial assistance for international students?"
"Question","Answer","As a student of Swinburne Online, you are eligible to participate in the Swinburne University of Technology graduation ceremony, which is held three times a year at the Melbourne Convention Centre. If you cannot make it to Melbourne, you can graduate in absentia and can opt to have your testamur (degree) posted to you.","Is there a graduation ceremony?"
"Question","Answer","Following the impacts of COVID-19, there are likely to be many changes in different industries. This may spark an opportunity for you to begin a career in a new field. If you are finding yourself with extra time that you would usually spend on commuting or weekly commitments and would like to use it constructively, view our range of courses today. Starting or completing a course now will help put you ahead of the pack.","Is now a good time to look at a career change?"
"Question","Answer","No – VET Student Loans will not be approved for students who do not meet eligibility requirements.","Is anyone eligible for a VSL?"
"Question","Answer","Yes, students of Swinburne Online graduate with the exact same qualification as a student at Swinburne University of Technology. Not only does your graduation certificate look exactly the same, your coursework will cover all the same topics – we just transpose the information and assessment tasks so that they are perfectly suited to an online classroom.","Is an online qualification a real qualification?"
"Question","Answer","No, recent Year 12 students must apply through VTAC for Swinburne courses for the March intake. However you may apply for Swinburne Online's July or November intakes.","If I have just completed Year 12, can I apply to enrol in your March intake (Teaching Period 1)?"
"Question","Answer","Yes. If you decide to discontinue your studies, you will need to formally withdraw from your course. To formally withdraw, please complete the self-service request form including: Your full name and student number The course you’re enrolled in. Your intent to withdraw Whether you paid your fees upfront or applied for VET FEE HELP or a VET Student Loan. Withdrawing before Census: To avoid incurring a VET FEE HELP or VET Student Loan debt (or to receive a full refund if you pay for your fees upfront) you must send your email to Swinburne Online on or before your Census date. We will inform you of your Census dates when you enrol. If you paid your fees upfront, Swinburne Online will send you a refund application form. Once this is processed you will receive a full refund within 10 business days. Withdrawing after Census: If you withdraw from your course after your Census date, you will be automatically charged for the units you enrolled in. You won’t be able to receive a refund. If you elected for VET FEE HELP or VET Student Loan, you will incur the debt.","If I have a VSL can I withdraw from my course?"
"Question","Answer","There are no exams for Swinburne Online’s TAFE Business courses.","I’m studying a TAFE Business course, will I have to sit exams?"
"Question","Answer","Exam attendance is necessary for all of our courses, other than education courses, our Bachelor of Design (Communication Design) and some media studies units. Exams are taken at specified exam centre venues in capital cities around Australia. When students reside more than 100km from an exam centre, or have any condition that would prevent them from taking exams at exam centres, they can sit an online exam. All our international students will also be required to sit their exams online, at home using a personal computer. To find out more about exams, visit our assessments and exams page on the website.","I’m studying a degree, will I have to sit exams?"
"Question","Answer","Students studying our online education courses still have to complete placements like on-campus students. In order to register to teach, graduates must have completed at least 60 days of professional placement when studying at postgraduate level and at least 80 days at undergraduate level. Professional placements can be taken anywhere in Australia, in schools that use the Australian curriculum or early childhood settings that use the Early Years Learning Framework.","I’m interested in becoming a teacher. How will teaching placements work, given that your degrees are online?"
"Question","Answer","If you are unsure which qualification is most relevant to you, speak to a Course Consultant for some advice or see our Levels of Education FAQ section. Otherwise you can submit an application form and one of our Course Consultants will be in touch.","I'm not sure what to study. Who can help me?"
"Question","Answer","If you’re unsure about whether you’ll be eligible to study with Swinburne, it’s definitely worth calling our team of course consultants on 1300 069 765 or +61 3 9956 0777 if you are calling from overseas. The team will be able to outline which entry requirements are relevant to you and explain your next steps. Often students will be eligible for a range of courses on the basis of their work experience. It may be as simple as sending through an updated resume to get on track towards your qualification of choice.","I'm not sure if I meet the entry requirements but I want to study. What should I do?"
"Question","Answer","A placement may be able to be completed at your workplace depending on your course and circumstances. Please contact the Placements Team to discuss if this is an option for a particular placement in your course.","I currently work at an early childhood service, primary or secondary school, can I do my teaching placement at my workplace?"
"Question","Answer","If you have credits or exemptions from previous study, it will appear on your academic transcript under ‘Other Results’. Please note there will be no grade or mark associated with these studies.","How will a credit for previous studies appear on my transcript?"
"Question","Answer","For domestic university students, estimates of your overall course cost can be found on our Course Fees page on the website. For international students, course fees can be found on their Course Fees and Scholarships page. These prices may vary slightly depending on which units you choose. For more information about individual unit costs, visit Swinburne University of Technology’s Higher education fees page. For information on how much your VET course will cost, visit our VET Fees page.","How much will my course cost?"
"Question","Answer","Within a teaching period, you have to do at least one unit to continue studying your degree. The maximum amount of units you can undertake in a teaching period is four units. If you need to take a teaching period off, you can look at deferring your course.","How many units can I undertake per teaching period?"
"Question","Answer","The number of placements you have to complete depends on your course: Bachelor of Education (Primary): 3 x 20 days, 1 x 21 days. Total: 81 days Bachelor of Education (Early Childhood Teaching): 4 x 20 days. Total: 80 days Bachelor of Education (Early Childhood and Primary): 3 x 20 days, 1 x 21 days, 1 x 10 days. Total: 91 days Master of Teaching (Primary): 3 x 20 days. Total: 60 days Master of Teaching (Secondary): 3 x 20 days. Total: 60 days","How many placements do I have to do?"
"Question","Answer","For most undergraduate students, we recommend you allow eight hours of study a week per unit. For postgraduate education students (domestic only), we recommend 10 hours a week per unit and for postgraduate business students and undergraduate design students we recommend allowing 12 hours a week of study per unit.","How many hours of study per week are recommended per unit?"
"Question","Answer","Swinburne University has over 215,000 alumni in more than 140 countries around the world.","How many alumni are there?"
"Question","Answer","Our team of Course Consultants will normally get in touch with you within two working days of you submitting your application with an outcome, or to retrieve some further information. During busy periods this time frame can be a little longer. You are welcome to contact us if you’d like to follow up on an application that has exceeded this guideline.","How long will my application take to be assessed?"
"Question","Answer","The length of your degree will largely depend on how many units you undertake per teaching period. The number of units required to complete a degree varies from qualification to qualification and you can see how many units are required to complete a particular degree on our Course Pages. Alternatively, you can have a look at our Course Planners for more detailed information about how to manage a specific degree. As students have the option of studying between one and four units per teaching period and can change their study load throughout, each student will graduate at a different point. If you are studying a VET course, you can personalise your program, giving you the freedom to set your own goals, choose what units you study first, and determine how long you spend on each one. So whether you want to complete your diploma in two months or over a year — you can work towards your goals at a pace that suits you. It’s important to note that number of study hours required for each diploma does change, and you can view the specific requirements on our VET course pages.","How long will it take to earn my degree?"
"Question","Answer","Swinburne started as a technical college in 1909 and gained university status in 1992. Read the history of Swinburne.","How long has Swinburne been around for?"
"Question","Answer","All of your study will happen in Canvas. Canvas is the online platform where you’ll manage your course and receive study support from your Vocational Learning Advisors (VLAs). The Diploma of Nursing course is fast-paced and you will need to find a work-life-study balance that suits your personal needs.","How does your model of online study work for the Diploma of Nursing?"
"Question","Answer","When you study a TAFE course with Swinburne Online all of your study will happen in Canvas. Canvas is the online platform where you’ll manage your course and receive study support from teachers. You’ll be able to personalise your program, giving you the freedom to set your own goals, choose what units you study first, and determine how long you spend on each one. With the support of your Assessors and Lead Trainer, you can work towards your goals at a pace that suits you.","How does your model of online study work for TAFE?"
"Question","Answer","We know students are most successful when they learn actively. This means not just remembering new information, but evaluating it and using it to solve problems and to come up with new ideas. Students at Swinburne Online learn with the three learning components: theory, practice and sharing. You learn your theory through the free Learning Materials, put it into practice with weekly Learning Activities and then share your learnings with other classmates in the Discussion Boards.","How does your model of online study work for higher education if there are no lectures?"
"Question","Answer","For over 100 years Swinburne has been committed to providing our students with the latest innovations in education. In recent years, Swinburne has become one of the world’s leading universities, ranking in the top 400 in the world, as assessed by the Academic Ranking of World Universities. This result places Swinburne among the top 2% of universities in the world. Swinburne has over 30,000 students enrolled worldwide, supported by 2,800 staff and an alumni network of over 90,000.","How does Swinburne University of Technology rate against other universities?"
"Question","Answer","You can undertake our courses from anywhere with an internet connection, including the comfort of your own home during social isolation. Swinburne Online takes domestic students for both degrees and TAFE diplomas from anywhere in Australia. International students are also accepted for our degrees, although some differences to their payment processes will apply. You won’t normally have to be online at a specific time. Your course material is available for you from the beginning of each teaching period and you can work through it in the hours that suit you. There are some live webinar sessions that run approximately once a month. These are a special opportunity for students to sign in at the same time as their tutors, normally before an assessment deadline. It gives you the chance to ask any questions relating to the assignment in real time and hear other student’s questions and thoughts. We understand that students won’t always be able to make these sessions, so they can be replayed the next day.","How does online study work?"
"Question","Answer","When studying a degree and you are struggling with motivation, time management or simply need help with an assignment or some technical support, you can get in touch with our Student Advisors. Call 1300 937 765 from Australia, +61 3 9956 0777 for Australian citizens living overseas and 800 8001 1222 for international students, anytime between 9am - 9pm (AEST) Monday to Friday and 10am - 6pm (AEST) on weekends and public holidays – or fill out a Help Web Form to speak to one of our Student Advisors. If you’re enrolled in a TAFE course you will have support in Canvas – your online learning environment. A dynamic live chat means you can find out who else is online at the same time as you and ask other students questions. There is also a discussion board where you can post questions that will be answered by a pool of industry trained teachers, waiting to help you.","How do I stay on track with my study?"
"Question","Answer","HECS-HELP, FEE-HELP and VET FEE-HELP enable eligible students to state their intention for tuition fees to be paid on their behalf by the federal government to Swinburne Online. This results in students having a loan with the Australian Tax Office that can be repaid through the tax system. Repayments for HELP loans are not required until students are earning more than a certain amount per annum.","How do I repay my HELP loan?"
"Question","Answer","Applying to study with Swinburne Online is simple and one of our course consultants will be available to help you with any questions you have. Students wishing to study with us, simply need to complete an application form. A course consultant will assess the application and give you prompt feedback, including any documentation required. If successful, they will be then able to finalise your application with you over the phone.","How do I apply to enrol in a degree or a diploma?"
"Question","Answer","Exam attendance is necessary for all of our courses, other than education courses, our Bachelor of Design (Communication Design) and some media studies units. Exams are taken at specified exam centre venues in capital cities around Australia. When students reside more than 100km from an exam centre, or have any condition that would prevent them from taking exams at exam centres, they can sit an online exam. All our international students will also be required to sit their exams online, at home using a personal computer. To find out more about exams, visit our assessments and exams page.","How do exams work?"
"Question","Answer","All of our assessment tasks and assignments at Swinburne Online are submitted online, so there is no need to worry about broken printers, or assignments getting lost in the mail. If you are unable to submit your assessment on time, there are a number of options available to you including extensions and special consideration. To find out more about assessments, visit our assessments page for university on the website. When you study a TAFE course with us your assessment tasks will be highly practical – instantly improving your work performance and helping advance your career. You will find short assessment tasks featured throughout your learning journey such as quizzes, short answer responses and reflection, and short projects. Read more about TAFE assessments here.","How do assessments work?"
"Question","Answer","You can communicate with students using the discussion boards within your student portal, or via CONNECT, Swinburne Online’s very own social networking site. CONNECT is much like an online student lounge, where you can chat with students from across the whole of Swinburne Online. From discussing your course, reflecting on student life, creating face-to-face study groups with students in your local area and even networking for your future, CONNECT is your networking haven. If you’re studying a TAFE diploma you’ll have access to live chat within Canvas, which allows you to see who else is online at the same time as you and ask other students questions. You can also open up discussions with students and teachers by posting questions to an online discussion board.","How can I get in touch with other students?"
"Question","Answer","The process for accessing and securing a placement may differ depending on your course, your location and the type of setting. Once you’re enrolled in your course you will be able to access information and resources about placements. Our Placements Team is also available to answer any questions you may have and give you advice.","How are my placements arranged?"
"Question","Answer","Neither the operations nor the teaching period at Swinburne Online have been impacted by the COVID-19 pandemic. We will continue to operate as business as usual throughout this time of uncertainty, with no reduction in teaching, support or enrolment services. Our intake dates remain unchanged. Swinburne Online is designed to thrive in the online environment. Our experienced support teams and tutors have always effectively worked with our satisfied students from a distance.","Has Swinburne Online been affected by COVID-19?"
"Question","Answer","Yes! The Data Analytics for Business unit, which forms part of the Graduate Certificate of Professional Data Analytics, covers the subjects and topics assessed in the Tableau Desktop Certified Specialist certification exam. These include how to: create and explain data connections organise and simplify data create basic charts and visualisations calculate and map data create a dashboard. While the unit will equip you with the knowledge and skills that are tested on the exam, it is not designed to be direct preparation for the certification and we recommend consulting the Tableau exam guide and free resources, in addition to the unit content, during your preparation.","Does the Graduate Certification in Professional Data Analytics prepare me for the Tableau Desktop Certified Specialist certification exam?"
"Question","Answer","We have a whole variety of support options available to students seven days a week, so no one is ever left feeling alone. For students studying a degree with us, your small online class of 20-24 students is run by a dedicated online tutor (eLearning Advisor), who will always be happy to respond to your questions. Our Student Advisors (SAs) are a team of academic/technical and administrative specialists who can be contacted seven days a week. They can help with issues from advice on assignments to problems with logging in to the Student Portal. We also have online assessment support options that will cater to a range of academic needs. To find out more about our university support options, visit the student support page on our website. For VET students, everything you need to know to complete your diploma is housed in our unique system called Canvas. However, if you do find yourself with questions one of our VET student team are on hand.","Do you offer online support, or will I need to figure it all out myself?"
"Question","Answer","We offer either HECS-HELP or FEE-HELP to Australian citizens and permanent humanitarian visa-holders for all of our university courses. For undergraduate degrees, Commonwealth Supported Places (CSP) are available for all students who meet the entry criteria. HECS-HELP is available for Australian citizens and permanent humanitarian visa-holders as part of their CSP offer. New Zealand citizens and Australian permanent residents will need to pay their unit fees up front, but will be eligible for our domestic student fee. For postgraduate courses, Australian citizens and Permanent Humanitarian visa-holders that are eligible for courses, will be able to use FEE-HELP to pay their tuition fees. International students are not eligible for any Australian government fee assistance.","Do you offer HECS-HELP and FEE-HELP?"
"Question","Answer","Yes, we offer a number of postgraduate degrees in business and education that will help you develop the skills and knowledge for a great career. All programs require a bachelor degree in any discipline, or relevant work experience.","Do you have postgraduate programs?"
"Question","Answer","Because you will be studying a degree online, all of our support systems are available over the phone or online. When you go through our simple enrolment process you will speak to one of our knowledgeable course consultants over the phone. Once you are a student with us, you are always welcome to drop in to any of our campuses to access the library or any of our other student benefits.","Do you have a head office somewhere if I want to meet someone face-to-face about my course?"
"Question","Answer","Yes, Swinburne Online accept applications from international students for our higher education courses. The process of applying to enrol is exactly the same as for domestic students. Simply fill in a request for information and submit any documentation required or speak to one of our Course Consultants on 800 4002 0400.","Do you accept international students?"
"Question","Answer","Yes, you will be required to purchase textbooks for this course at an additional cost. You will also need to purchase a nursing kit and a uniform for when you go on placement at your own cost. You can purchase these online once you begin your studies or at your on-campus orientation tour.","Do I need to purchase any learning materials for the Diploma of Nursing?"
"Question","Answer","You won’t normally have to be online at a specific time. Your course material is available for you from the beginning of each teaching period and you can work through it in the hours that suit you. There are some live webinar sessions that run approximately once a month. These are a special opportunity for students to sign in at the same time as their tutors, normally before an assessment deadline. It gives you the chance to ask any questions relating to the assignment in real time and hear other student’s questions and thoughts. We understand that students won’t always be able to make these sessions, so they can be replayed the next day.","Do I need to be logged on to study at specific times?"
"Question","Answer","For students undertaking a degree, most of the software, like your online eTexts, that you will need to complete your course can be downloaded for free, using a license provided to you by Swinburne Online. However, certain units will require students to purchase some software. If you are studying a unit(s) that requires you to purchase software, you will be notified via email prior to the start of the teaching period. All students can download a free version of Microsoft Office (Word, Excel, PowerPoint) for the duration of their studies. You will also need ongoing access to either: Mac: OS X Version 10.7 or higher PC: Windows 7 or newer.","Do I need fancy software?"
"Question","Answer","For students undertaking a degree, most of your learning materials are included with a free license provided to you by Swinburne Online. However, in some cases, you will be notified via your student email that you will need to buy specific software or eTexts. For TAFE Business students, all of your learning materials will be available online and are covered by your course fees. You won’t need to purchase any further materials.","Do I have to purchase learning materials?"
"Question","Answer","If you are eligible for a HECS-HELP or FEE-HELP loan, you will be able to defer your study payments until you earn above the repayment threshold defined by the Australian Tax Office. We offer either HECS-HELP or FEE-HELP to Australian citizens and permanent humanitarian visa-holders for all of our university courses. For undergraduate degrees, Commonwealth Supported Places (CSP) are available for all students who meet the entry criteria. HECS-HELP is available for Australian citizens and permanent humanitarian visa-holders as part of their CSP offer. New Zealand citizens and Australian permanent residents will need to pay their unit fees up front, but will be eligible for our domestic student fee. For postgraduate courses, Australian citizens and Permanent Humanitarian visa-holders who are eligible for courses will be able to use FEE-HELP to pay their tuition fees. International students are not eligible for any Australian government fee assistance.","Do I have to pay for my studies upfront?"
"Question","Answer","Yes, most students will be eligible for some type of overseas study program, either longer term student exchange or short term study tours. For more information visit our Swinburne Abroad page on the Swinburne University of Technology website.","Can I study abroad?"
"Question","Answer","If you are an on-campus student at Swinburne University of Technology, you may be able to study some of your units online, through Swinburne Online. Speak to a Course Consultant today to find out if we can meet your unit requirements.","Can I study a mixture of on-campus and online units?"
"Question","Answer","You may be able to complete one primary placement overseas provided that it is undertaken at either an Australian Curriculum School or an International School where the language of instruction is English. All early childhood placements must be completed in Australia. For more information, contact the Placements Team via the Help Web Form.","Can I do my education placement outside of Australia?"
"Question","Answer","No. Once you have finished your Introductory Skill Set course, you can apply for VSL to apply to the Diploma.","Can I cover the cost of my Introductory Skill Set Course using VET Student Loan?"
"Question","Answer","Yes – It's important that when you enrol, you take note of your desired start date as this will determine the deadline for your fee payment and your Census date. Start dates refer to your course start date (new students), as well as start date options for your next block of units. Census date is your last opportunity to change your enrolment without incurring the cost of your enrolled units.","Are there dates I need to think about when applying for a VSL?"
"Question","Answer","Our education degrees are accredited and recognised by the Victorian Institute of Teaching (VIT) and/or by the Australian Institute of Teaching and Leadership (AITSL) and/or by the Australian Children's Education & Care Quality Authority (ACECQA), depending on the particular course accreditation requirements. The Bachelor of Education (Primary), Bachelor of Education (Early Childhood and Primary), Master of Teaching (Primary) and Master of Teaching (Secondary) enable you to register as a teacher anywhere in Australia under mutual recognition. For the Bachelor of Education (Early Childhood Teaching), you should check with the teacher registration authority in your state or territory and course accreditation requirements necessary for any early childhood teacher registration requirements of your state or territory.","Are the education degrees nationally recognised?"
"Question","Answer","Swinburne Online students receive the same qualification as students at Swinburne University of Technology, an internationally ranked university with 30,000 students across its Melbourne and overseas campuses.","Are the courses the same as the on-campus courses?"
"Question","Answer","There are currently no Commonwealth Supported Places available to postgraduate students.","Are Postgraduate students eligible for Commonwealth Supported Places (CSP)?"
"Question","Answer","When attending placement you are required to attend full days (seven to eight hours per day). We recommend you complete your placement five days per week over four weeks. You also have the option of completing some placements three consecutive days per week (e.g. Wed, Thurs, Fri) over eight weeks.","Are placements available part time for education students?"
"Question","Answer","Yes, you are only required to attend exams at the end of each teaching period. There are no formal mid-semester exams.","Are exams only held at the end of each teaching period?"
"Question","Answer","Yes, you can request a student card when you enrol with Swinburne Online. You can use this to borrow books at Swinburne University of Technology’s library or any ULANZ libraries and will also need it when you attend exams.","Am I eligible for a student concession card when studying online?"
"Question","Answer","A Commonwealth Supported Place (CSP) is a subsidised higher education place. You will only pay the student contribution (remaining amount) of the unit fees after the government subsidy has been applied. A HECS-HELP loan will allow you to defer your fees to a government loan for CSP courses, allowing you to avoid any upfront fees for your course. You would start to pay this loan back once you are earning over the advised threshold. This loan is available to Australian citizens and Humanitarian Visa holders. A FEE-HELP loan will allow you to defer your fees to a government loan for full fee paying places (non-CSP) allowing you to avoid any upfront fees for your course. You would start to pay this loan back once you are earning over the advised threshold. This loan is available to Australian citizens and Humanitarian Visa holders. You can nominate to defer your fees to a HELP loan during your enrolment, and once you log into your student account that application can be finalised.","Am I eligible for a Commonwealth Supported Place and a HELP loan?"
"Question","Answer","You can study at Swinburne Online from any state or territory in Australia, as long as you meet the entry requirements for your online course and have an Internet connection! Swinburne Online now accepts international students into our university degrees. You can find out more about our entry criteria for international students here.","Am I able to study at Swinburne Online if I don't live in Victoria?"

